,PARAMETERS,LOSS,ITERATIONS,EPOCHS,LEARNING_RATE,RELATIVE_LOSS
NOG_HS306_NL2_BS15,927246,0.14071205258369446,1040,10,0.001,-0.05526612898788297
VANILLA_HS264_NL2_BS15,927762,0.14894358813762665,1040,10,0.001,0.0
SLIM1_HS313_NL2_BS15,925607,0.16175727546215057,1040,10,0.001,0.08603047291088382
SLIM2_HS314_NL2_BS15,929506,0.17324897646903992,1040,10,0.001,0.16318519404107976
ATTENTION_HS230_NL1_BS15,926966,0.14078950881958008,1040,10,0.001,-0.0547460915908112
NIG_HS306_NL2_BS15,927246,0.14198915660381317,1040,10,0.001,-0.0466917147677915
NFG_HS306_NL2_BS15,927246,0.17300696671009064,1040,10,0.001,0.16156035230082533
NIGAF_HS264_NL2_BS15,927762,0.14261949062347412,1040,10,0.001,-0.042459682845218845
